{"cameraMode":{"drawMode":2,"name":"Shaded Wireframe","section":"Shading Mode"},"sceneLighting":true,"audioPlay":false,"sceneViewState":{"showFog":false,"showMaterialUpdate":false,"showSkybox":false,"showFlares":false,"showImageEffects":false,"showParticleSystems":false},"in2DMode":false,"pivot":{"x":-191.40988159179688,"y":85.91253662109375,"z":-61.36856460571289},"rotation":{"x":0.19276919960975648,"y":0.5202464461326599,"z":-0.12189064174890518,"w":0.8230209350585938},"size":62.410648345947269,"orthographic":false}