{"cameraMode":{"drawMode":2,"name":"Shaded Wireframe","section":"Shading Mode"},"sceneLighting":true,"audioPlay":false,"sceneViewState":{"showFog":false,"showMaterialUpdate":false,"showSkybox":false,"showFlares":false,"showImageEffects":false,"showParticleSystems":false},"in2DMode":false,"pivot":{"x":1.825474739074707,"y":-0.7344870567321777,"z":-3.3125357627868654},"rotation":{"x":0.04120659455657005,"y":0.9555191993713379,"z":-0.16205492615699769,"w":0.24296489357948304},"size":4.757499694824219,"orthographic":false}