{"cameraMode":{"drawMode":0,"name":"Shaded","section":"Shading Mode"},"sceneLighting":true,"audioPlay":false,"sceneViewState":{"showFog":false,"showMaterialUpdate":true,"showSkybox":false,"showFlares":false,"showImageEffects":false,"showParticleSystems":false},"in2DMode":false,"pivot":{"x":3.6425418853759767,"y":4.205137252807617,"z":93.58804321289063},"rotation":{"x":-0.012090993113815785,"y":0.9276344776153565,"z":0.030061781406402589,"w":0.37218841910362246},"size":10.293081283569336,"orthographic":false}