{"cameraMode":{"drawMode":2,"name":"Shaded Wireframe","section":"Shading Mode"},"sceneLighting":true,"audioPlay":false,"sceneViewState":{"showFog":true,"showMaterialUpdate":false,"showSkybox":true,"showFlares":true,"showImageEffects":true,"showParticleSystems":true},"in2DMode":false,"pivot":{"x":7.1862945556640629,"y":20.864530563354493,"z":-9.130996704101563},"rotation":{"x":-0.018281342461705209,"y":0.9420512914657593,"z":0.052045125514268878,"w":0.3309094309806824},"size":207.03897094726563,"orthographic":false}