{"cameraMode":{"drawMode":2,"name":"Shaded Wireframe","section":"Shading Mode"},"sceneLighting":true,"audioPlay":false,"sceneViewState":{"showFog":false,"showMaterialUpdate":false,"showSkybox":false,"showFlares":false,"showImageEffects":false,"showParticleSystems":false},"in2DMode":false,"pivot":{"x":-18.220216751098634,"y":0.04185386374592781,"z":39.361541748046878},"rotation":{"x":-0.0014637102140113712,"y":0.21315373480319978,"z":-0.0003272941103205085,"w":-0.9770294427871704},"size":48.96955490112305,"orthographic":false}