{"cameraMode":{"drawMode":0,"name":"Shaded","section":"Shading Mode"},"sceneLighting":true,"audioPlay":false,"sceneViewState":{"showFog":false,"showMaterialUpdate":true,"showSkybox":false,"showFlares":false,"showImageEffects":false,"showParticleSystems":false},"in2DMode":false,"pivot":{"x":4.226919651031494,"y":2.6366961002349855,"z":93.71041870117188},"rotation":{"x":-0.011949014849960804,"y":0.9293016195297241,"z":0.030118463560938836,"w":0.3680065870285034},"size":10.982954978942871,"orthographic":false}