{"cameraMode":{"drawMode":2,"name":"Shaded Wireframe","section":"Shading Mode"},"sceneLighting":true,"audioPlay":false,"sceneViewState":{"showFog":false,"showMaterialUpdate":false,"showSkybox":false,"showFlares":false,"showImageEffects":false,"showParticleSystems":false},"in2DMode":false,"pivot":{"x":-56.3099479675293,"y":30.283384323120118,"z":19.388357162475587},"rotation":{"x":-0.19060054421424867,"y":-0.5635807514190674,"z":-0.1355942189693451,"w":0.7922803163528442},"size":69.39327239990235,"orthographic":false}